{"cameraMode":{"drawMode":0,"name":"Shaded","section":"Shading Mode"},"sceneLighting":false,"audioPlay":false,"sceneViewState":{"showFog":false,"showMaterialUpdate":true,"showSkybox":false,"showFlares":true,"showImageEffects":true,"showParticleSystems":true},"in2DMode":false,"pivot":{"x":-0.009405016899108887,"y":0.274630606174469,"z":-0.00423121452331543},"rotation":{"x":-0.014147421345114708,"y":0.9851303696632385,"z":-0.13863499462604524,"w":-0.100533626973629},"size":1.0610606670379639,"orthographic":false}