{"cameraMode":{"drawMode":0,"name":"Shaded","section":"Shading Mode"},"sceneLighting":false,"audioPlay":false,"sceneViewState":{"showFog":false,"showMaterialUpdate":true,"showSkybox":false,"showFlares":true,"showImageEffects":true,"showParticleSystems":true},"in2DMode":false,"pivot":{"x":-0.00423121452331543,"y":0.5492610931396484,"z":-0.01090019941329956},"rotation":{"x":-0.014147421345114708,"y":0.9851303696632385,"z":-0.13863499462604524,"w":-0.100533626973629},"size":0.9088723063468933,"orthographic":false}