{"cameraMode":{"drawMode":0,"name":"Shaded","section":"Shading Mode"},"sceneLighting":true,"audioPlay":false,"sceneViewState":{"showFog":false,"showMaterialUpdate":true,"showSkybox":true,"showFlares":true,"showImageEffects":true,"showParticleSystems":true},"in2DMode":false,"pivot":{"x":249.46426391601563,"y":18.585845947265626,"z":250.54678344726563},"rotation":{"x":-0.007018310483545065,"y":0.9914036989212036,"z":-0.059863463044166568,"w":-0.11622366309165955},"size":54.49611282348633,"orthographic":false}