{"cameraMode":{"drawMode":0,"name":"Shaded","section":"Shading Mode"},"sceneLighting":false,"audioPlay":false,"sceneViewState":{"showFog":false,"showMaterialUpdate":true,"showSkybox":false,"showFlares":true,"showImageEffects":true,"showParticleSystems":true},"in2DMode":false,"pivot":{"x":-0.0000019073486328125,"y":2.5574302673339845,"z":4.76837158203125e-7},"rotation":{"x":-0.014147421345114708,"y":0.9851303696632385,"z":-0.13863499462604524,"w":-0.100533626973629},"size":6.842448711395264,"orthographic":false}